sort,main_pic,details,mp_alias,product_alias,cost_price,channel_id,channel_name,category_id,mem_sale,product_title,product_id,product_buy_num,product_collect_num,tag_id,tag_name,data_status,safeguard_radtio,pv,sale
9807,FsHngvAP3aoUeeJbqrcCzR6qBh5V,239b83c96a0345cdb13530bac6c9ed95,gh212565199e78,亿欣810594,799.0,10226,店铺名称：素订原创平台,2,379.0,素订原创 秋季新款时尚纯色木耳边针线绣花后长摆长袖上衣 p312,214755,69,1,358,上衣,001,0.375,3371.0,24.0
9803,FtOthj3HT-HmYve17MWuRKQhyyOW,4f9b185fd7b64f24add0d0b081468135,gh212565199e78,亿欣810588,799.0,10226,店铺名称：素订原创平台,2,379.0,素订原创 新款纯色精致绣花宽松舒适长袖上衣,213841,72,6,358,上衣,001,0.1154,3450.0,26.0
9803,Fg3CsKot-F-jWbrCU40Xj-FDHvno,4be51713c700476381689cb6253e08ef,gh212565199e78,亿欣8100015,799.0,10226,店铺名称：素订原创平台,2,379.0,素订原创 新款纯色精致绣花优雅圆领袖口纽扣长袖上衣 p218,213340,53,4,358,上衣,001,0.2,1789.0,13.0
59806,FmKyMBnERw2yY8AS8CcLoc5aL9pD,4aeaa9de11c34759b1da99daa4cb5361,gh212565199e78,亿欣810588,799.0,10226,店铺名称：素订原创平台,2,379.0,素订原创 新款纯色优雅手工绣花清新舒适长袖上衣,213336,64,3,358,上衣,001,0.1667,2600.0,24.0
59803,Fhljs9QTM9A8oRwBsr33hmTkUUY1,cf42902974f44c35a419f642a60dcdd8,gh212565199e78,亿欣810586,799.0,10226,店铺名称：素订原创平台,2,379.0,素订原创 新款纯色手工针线后背纽扣蝴蝶结装饰长袖上衣,213339,117,3,358,上衣,001,0.3077,3485.0,52.0
72809,Fn3al9Gh83sbiCQrQ9HdQnmZrfrA,d902e2fe54f14904af5b9980ab5c4f72,gh212565199e78,亿欣810600,799.0,10226,店铺名称：素订原创平台,2,379.0,素订原创 新款纯色可爱花边领手工绣花长袖上衣,216291,66,1,358,上衣,001,0.3158,1990.0,19.0
9810,Fi2bTm24Bt3Do2sd3Cyjn32oF4dN,fcd82b0533b6494c889968fe9142c631,gh212565199e78,图鲁22168,799.0,10226,店铺名称：素订原创平台,2,379.0,素订原创 新款圆领纯色斜襟精致绣花舒适上衣,216285,74,11,358,上衣,001,0.25,2886.0,23.0
59809,FjhV32Bj8YEWPbqmlS-ApM8h14Gi,70a802e3daae4fbbb8c143fde7d32e7e,gh212565199e78,亿欣810586,799.0,10226,店铺名称：素订原创平台,2,379.0,素订原创 秋季新款时尚拼接绣花袖子系带纽扣圆摆上衣,215803,47,1,358,上衣,001,0.1111,1329.0,8.0
65000,Fp_qQMSlMJDqnKRUapvu7S7DnQEO,27a1d6a68d3b42e7a748e30e026db1f2,gh212565199e78,亿欣810590,779.0,10226,店铺名称：素订原创平台,2,379.0,素订原创 秋季新款时尚个性领边刺绣宽松后长摆长袖上衣,214758,57,2,358,上衣,001,0.3077,2370.0,13.0
59808,FnuaMVf-OXLuEULhbh1Rewo53Jb1,dd6c006a0ae74e52be5f2a4073cfccfe,gh212565199e78,亿欣810596,799.0,10226,店铺名称：素订原创平台,2,379.0,素订原创 秋季新款时尚潮流个性下摆刺绣花边长袖上衣,215262,46,1,358,上衣,001,0.2857,1116.0,7.0
721,FvQ655OHgsWRaPK67Ljd-RwDZ7Ua,3564c0bf6db14fa39c6659906da87dff,gh212565199e78,ZF2A16-C-02,1399.0,10229,店铺名称：轻境平台,2,689.0,轻境原创真丝条纹衬衫女2019春夏季新款韩版长袖百搭很仙的桑蚕丝上衣洋气显瘦衬衣,177629,40,1,358,上衣,001,0.4286,1061.0,7.0
-100,FpjCl2DsYPzsOT28iJvI9YJUNFl4,bf620aea44de44138d9fb48eda2805ba,gh212565199e78,ZF2A16-C-05,1299.0,10229,店铺名称：轻境平台,2,689.0,轻境原创真丝衬衫女2019夏季新款气质修身显瘦杭州桑蚕丝纯色V领长袖上衣,177626,37,3,358,上衣,001,0.3333,817.0,3.0
-100,Fu_dmYWKJ-VPiKX1QEX_bYLqnOVw,c35c6027f028453488e33243c5e28b08,gh212565199e78,ZF2A16-C-27,1199.0,10229,店铺名称：轻境平台,2,599.0,轻境原创品质重磅真丝衬衫纯色女长袖名媛优雅桑蚕丝弹力绸缎上衣,176004,96,7,358,上衣,001,0.2368,5497.0,38.0
820,FtDh-QDwLxU4qEvyoB2Pc_j59c99,5e51129158b6452c8ad7794dadd5d139,gh212565199e78,ZF2A16-C-42,999.0,10229,店铺名称：轻境平台,2,499.0,轻境原创2019夏季新款时尚圆领桑蚕丝百搭上衣真丝t恤气质妈妈上衣短袖女,180129,41,1,358,上衣,001,0.1667,1797.0,6.0
200,Fm19tlUsBHijnf9JO0fiF7ClfXgn,e35d1d9c1dc04d3ca1165111485d862b,gh212565199e78,ZF2A16-C-04,1300.0,10229,店铺名称：轻境平台,2,689.0,轻境原创真丝小衫女2019春夏装新款豹纹V领衬衫休闲杭州丝绸妈妈桑蚕丝上衣,177610,36,1,358,上衣,001,0.0,764.0,1.0
200,FrZLIisZASKzGWXKvS1Sufi-w2OQ,a6dd042c09454dd4a7579cdd6e6d1289,gh212565199e78,ZF2A16-C-29,1399.0,10229,店铺名称：轻境平台,2,689.0,轻境原创真丝衬衫女长袖2019新款条纹印花时尚气质显瘦桑蚕丝上衣,178704,57,5,358,上衣,001,0.375,1091.0,7.0
9700,Fk2clcHiFLNNX3dxne0i0x_meFLf,280ace9d5b3840d0aa2271492b38568b,gh212565199e78,世贸5楼-7848黑色,1128.0,10225,店铺名称：素订平台,2,429.0,素订2019新款文艺复古无袖丝麻背心女式夏季宽松刺绣上衣,183391,51,2,358,上衣,001,0.4286,1299.0,7.0
-1,Fh2nXeeHLasOjE4PNWY712WNoq6h,64ebcff23eab4751bdac41a770634f0c,gh212565199e78,优慕佳CA5629,889.0,10226,店铺名称：素订原创平台,2,379.0,【售罄】2019素订原创黄色拼布圆领短袖上衣,183766,39,0,358,上衣,001,,125.0,0.0
-1,FtSXibywruvFyYY7vI_Qkiw06rg1,d66a70cb81c1491fbf63ba580ba4e08e,gh212565199e78,优慕佳CA5617,899.0,10226,店铺名称：素订原创平台,2,399.0,【售罄】2019素订原创纯色纽扣开衫短袖上衣,183768,39,1,358,上衣,001,0.0,395.0,5.0
592,ljO8Todak9tV_Kb2U-gZB0ZJ76AV,499fb34badfe4b3594e6b0a618b44c62,gh212565199e78,NF. 19013,889.0,10226,店铺名称：素订原创平台,2,359.0,2019素订原创桔黄色纽扣下圆摆中袖上衣,184029,41,1,358,上衣,001,0.25,1115.0,4.0
-1,dfe5eaac833d4c3a9a42d8e7106bae17,2fa5021e576d48dc8d0f243cd039434a,gh212565199e78,云上品牌策划 3-9136,1199.0,10216,店铺名称：亚麻平台,2,599.0,2019夏装民族风苎麻印花连衣裙女碎花中长款短袖过膝复古棉麻长裙,161287,40,1,359,连衣裙,001,,658.0,0.0
55532,FhOXrNw7ZXCcMMzYZ0qxDtpzzQ4u,4935357f72d0420090b406c99793ba01,gh212565199e78,a169三楼606,998.0,10226,店铺名称：素订原创平台,2,499.0,2019素订原创女装苎麻连衣裙 时尚百搭显气质文艺女装,170285,319,41,359,连衣裙,001,0.2625,24729.0,260.0
-1,FsEZtjiuGqIFZSA9Ak_-DSiVN-1P,30a0fa47377f4c09b98c35efba1d6920,gh212565199e78,ZF2A16-C-97,1699.0,10229,店铺名称：轻境平台,2,899.0,轻境原创重磅真丝连衣裙夏季新款2019流行裙子韩版气质长款真丝连衣裙长裙,176012,41,3,359,连衣裙,001,0.1667,905.0,6.0
-100,FqlTql4hh7LC60mifkKVaHDjZgXV,6623558b2db64b9688b78e1948456091,gh212565199e78,ZF2A16-7179,1699.0,10229,店铺名称：轻境平台,2,669.0,轻境原创真丝连衣裙女中长款夏季新款重磅桑蚕丝条纹大码宽松显瘦气质裙子,176007,84,2,359,连衣裙,001,0.3243,3991.0,37.0
-100,FuEnJt5ZOmyhoHP8dNvmmh8JK8pX,02f97520e0d04e2081017d86aac9bf9c,gh212565199e78,ZF2A16-47,1399.0,10229,店铺名称：轻境平台,2,699.0,轻境原创夏季2019新款真丝中长款裙子时尚休闲桑蚕丝连衣裙,177001,65,3,359,连衣裙,001,0.3158,3087.0,19.0
-100,FuRaX7NTVG5QepukpfgWs9bw-3jR,6733dabd79ba483f924d96425aabadf4,gh212565199e78,ZF2A16-C-98,1699.0,10229,店铺名称：轻境平台,2,799.0,轻境原创2019夏装新款短袖中长款系带显瘦格子印花重磅桑蚕丝真丝连衣裙女,176361,102,7,359,连衣裙,001,0.4364,6172.0,55.0
520,FtHloKAkrloIPLkuDHf8BDwpE4nd,405c776f84de47a394cb13fe3109eaff,gh212565199e78,ZF2A16-C-77,1299.0,10229,店铺名称：轻境平台,2,699.0,轻境原创真丝连衣裙女2019新款夏季v领系带条纹短袖中长款印花桑蚕丝裙,176363,50,6,359,连衣裙,001,0.25,3163.0,12.0
-100,Fj1dvXTi0GuacO0EPCGTOKajLRkV,cc8efdccb0c04388ab9c906a3fc871ce,gh212565199e78,ZF2A16-04,1399.0,10229,店铺名称：轻境平台,2,699.0,轻境原创真丝连衣裙女夏2019新款时尚修身显瘦长袖碎花桑蚕丝裙子女中长款,176366,89,6,359,连衣裙,001,0.4857,4177.0,35.0
61,FgfMbfLxtMsAHUUa5J6rQd4rvuVw,19e10cc9b1e249a5bc509ecf36468d93,gh212565199e78,ZF2A16-C-63,1399.0,10229,店铺名称：轻境平台,2,799.0,轻境原创2019春新款重磅真丝连衣裙夏季女中长款碎花宽松桑蚕丝裙子,176355,40,1,359,连衣裙,001,0.0,1299.0,5.0
-100,FtYQNsHmkm_bVc9LIs5WrWVSJmo9,a589acdba97544ceb6e62f9693d54fd5,gh212565199e78,ZF2A16-C-78,1399.0,10229,店铺名称：轻境平台,2,699.0,轻境原创重磅真丝连衣裙女系带收腰显瘦2019夏季新款桑蚕丝绸缎杭州丝绸裙,176368,54,2,359,连衣裙,001,0.4,1910.0,10.0
-100,FtZ8tbVSqBQqgvGpwwtDE1dPCQAc,f8e1eb45ffd54b4eaac3e188b22b1b49,gh212565199e78,新1211-801,999.0,10250,店铺名称：素订品牌,2,469.0,【售罄】素订品牌2019新款改良中国风拼接气质长裙,225816,43,2,359,连衣裙,001,0.8,1010.0,5.0
-100,Fj1P7YyaWpMsgXLKFK4_aJlUSgwY,0de6378197784a78be3825ba67de5fd1,gh212565199e78,ZF2A26-9150,999.0,10229,店铺名称：轻境平台,2,459.0,【售罄】素订2019夏季新款文艺中长款复古中国风苎麻短袖连衣裙,217296,115,12,359,连衣裙,001,0.5926,8119.0,54.0
-100,FvIKDidCG1SfTCUwQP1HHufrBYsK,b2efd24435404be5b9ee81bfe5649d57,gh212565199e78,光351-513咖啡色,1128.0,10225,店铺名称：素订平台,2,459.0,【售罄】素订2019夏季新款中长款连衣裙女宽松显瘦丝麻打底裙子,206683,168,22,359,连衣裙,001,0.59,11995.0,100.0
-100,FlMaJfUR2JRsLBEB8hXLVEfRelVT,39bc398a0c7f4fa18f5d0fb95cbc27d7,gh212565199e78,光385-913-2黄色,1129.0,10225,店铺名称：素订平台,2,469.0,【售罄】素订2019新款花条纹民族风女士中长款短袖连衣裙,209072,71,10,359,连衣裙,001,0.5676,4303.0,37.0
-100,FqTxVB0ZNDnJX-Kium1WhZgT9e4G,e31e17a034ad4c05b6dbe0cbf5ef7fb1,gh212565199e78,ZF2A16-55,2180.0,10229,店铺名称：轻境平台,2,929.0,【售罄】轻境原创真丝连衣裙女中长裙2019夏装新款显瘦碎花超仙桑蚕丝沙滩裙子,193122,261,31,359,连衣裙,001,0.5987,17097.0,157.0
-100,Fni4Zqpe5Ii23cDytSyHbilLjF6D,8b66ea5281d640219fb58a7ce92cd213,gh212565199e78,ZF2A26-9163,1199.0,10229,店铺名称：轻境平台,2,499.0,【售罄】【不含内搭】素订2019夏季新款宽松短袖民族风刺绣复古亚麻中长款高开叉连衣裙,213864,112,17,359,连衣裙,001,0.6296,7910.0,54.0
-100,FhsX8rVk6zwNdc8EBxHqu-cV3Lkt,a3023ed074eb4402a054aadccb9aaee3,gh212565199e78,彼时-1248兰色,911.0,10250,店铺名称：素订品牌,2,499.0,【售罄】素订品牌2019新款文艺复古印花连衣裙中长款修身小碎花中式盘扣民国风女装,216327,89,11,359,连衣裙,001,0.5854,6774.0,41.0
-100,FvX4zlXjLtgXyLo3DIKV91XSZb53,457a3204d69542baad1607e920742eb9,gh212565199e78,SH3F浪漫丝依707条纹,1759.0,10240,店铺名称：原塑平台,2,839.0,【售罄】轻境真丝连衣裙女夏2019新款大牌宽松显瘦大码气质条纹桑蚕丝长裙,184671,46,0,359,连衣裙,001,0.6667,532.0,3.0
-100,FufO7sJoNxrQ7iXV-HWX_kQKGJf4,f8c42df9a3814a25bc603afbfd76cf90,gh212565199e78,北-981111红色,989.0,10225,店铺名称：素订平台,2,379.0,【售罄】素订2019原创文艺夏季新款女装 拼接无袖 圆领棉麻连衣裙,202126,113,6,359,连衣裙,001,0.566,4895.0,53.0
-100,FhlVZUP0_EkmU3_qqd5AoaKv_jOZ,fa6c1132351547388047ad0d292336c2,gh212565199e78,SH3F朴之慧X19022,2149.0,10240,店铺名称：原塑平台,2,1039.0,【售罄】轻境真丝连衣裙女2019夏季新款印花POLO领拼接系带桑蚕丝裙子,184673,47,1,359,连衣裙,001,0.6667,1133.0,3.0
9903,FhTHOQJW1DGCxf9amdKjQ6Un3t_B,2f9618d1851f44b6a81fdaf0b7ebebcb,gh212565199e78,琼瑶-8612-杏色+琼瑶-8803-黑色,889.0,10242,店铺名称：素订工厂,2,399.0,2019素订工厂 新款时尚清新简约纯色休闲套装,227071,54,1,360,套装,001,0.4545,1615.0,11.0
9904,FulqJaZ_UnKC6XXDphBUvhHiN1Nd,b0e0013197a94388af439518e7ea42aa,gh212565199e78,琼瑶-8612-白色+琼瑶-8803-米白,889.0,10242,店铺名称：素订工厂,2,399.0,2019素订工厂 新款时尚清新简约纯色休闲套装,227666,51,3,360,套装,001,0.1818,1289.0,10.0
9904,FsLVZAg40zq6hgCcKBWz8GsS2ip9,b40889e2bbf64b7e8af83ba0b1c1e0af,gh212565199e78,靓女E尚-1996-红色+燕子-912亚麻收脚裤-黑色,999.0,10242,店铺名称：素订工厂,2,499.0,2019素订工厂 新款舒适复古时尚格子休闲套装,227660,47,4,360,套装,001,0.2857,2587.0,14.0
75827,Fimx9NOz7FE8nUi_j1WtP3kkHYat,eb4d6fa7a4b9447d9ad589a834128501,gh212565199e78,沐洱元素-9103-黑灰+沐洱元素-1019-黑色,999.0,10242,店铺名称：素订工厂,2,469.0,2019素订工厂 新款舒适复古条纹时尚休闲套装,224011,90,10,360,套装,001,0.4314,3942.0,50.0
93996,FjaVr747Cesb3qdhTdajBG3YsiR0,aebc03ce3eba445b9519b2ac8d589a86,gh212565199e78,古丽坊-8953-酒红+古丽坊-1879-黑色,999.0,10242,店铺名称：素订工厂,2,429.0,2019素订工厂 新款舒适复古时尚格子休闲套装,227063,1250,73,360,套装,001,0.1474,64378.0,990.0
71989,FtbdpeKVxnKKfuTx0ZznwTheuF_Q,cdcb94a6b29e46b0b1239e68e4d5666a,gh212565199e78,沐洱元素-1736-深灰+沐洱元素-1019-米白,999.0,10242,店铺名称：素订工厂,2,459.0,【预售5天】2019素订工厂 新款舒适复古条纹时尚休闲套装 p969,225962,901,66,360,套装,001,0.2397,44688.0,700.0
93903,Fi78wTODlb9KolxIAjrxMcQkh2Na,a575537408464d9a97a9d66b95f81fb7,gh212565199e78,琼瑶-8619-黑色+琼瑶-8803-米白,999.0,10242,店铺名称：素订工厂,2,429.0,【预售5天】2019素订工厂 新款舒适时尚清新简约休闲套装 q058,227072,251,10,360,套装,001,0.1697,12185.0,165.0
-1,FhI60naYXvKYmga0bCPBcCJSPe7f,1c17a49c665e408b883a702398687ba7,gh212565199e78,77+-7118-紫色+77+-7117-米白,1299.0,10242,店铺名称：素订工厂,2,639.0,2019素订工厂 新款舒适民族风复古清新休闲套装,228208,42,1,360,套装,001,0.25,1568.0,8.0
55911,Fn2MGyT-WTBBHWk4dJfKqXyy2MOy,64eae1056fec4f81a5cb63f5d3c0cc88,gh212565199e78,荼森-023-白色+荼森-K042萝卜裤-黑色,999.0,10242,店铺名称：素订工厂,2,469.0,2019素订工厂 夏季新款舒适宽松时尚休闲套装 o939,211785,293,40,360,套装,001,0.2908,23728.0,196.0
9904,FsswM7R6XZRw-UruBL7xBQGPn9v8,38597217aaf341e8914160134ec1b74c,gh212565199e78,HZ010,1199.0,10240,店铺名称：原塑平台,2,529.0,素订原创秋装2019新款女装宽松时尚棉麻套装女春秋时髦两件套潮,228010,70,7,360,套装,001,0.4,2920.0,25.0
-1,FuPjredQl9WtipaNUJnWEPzVFM51,3bb607dec64b4672aef30dae6b2036b8,gh212565199e78,77+-7118-杏色+77+-7117-米白,1299.0,10242,店铺名称：素订工厂,2,639.0,2019素订工厂 新款舒适民族风复古清新休闲套装,228651,40,3,360,套装,001,0.2,879.0,5.0
9907,FuNT_wGalUsx8nggmvcyaFoEyC1f,dfef812373dc49d5b6d8e3c3a6c92166,gh212565199e78,77+-7118-浅蓝+77+-7117-米白,1299.0,10242,店铺名称：素订工厂,2,639.0,2019素订工厂 新款舒适民族风复古清新休闲套装,228650,51,6,360,套装,001,0.2143,2453.0,14.0
-1,FrPrE7WBlRxDyOp-wttlaYPByDyq,d8c3d77b49ea42d893f5a29a0c358439,gh212565199e78,靓女E尚-1996-兰色+燕子-912亚麻收脚裤-黑色,999.0,10242,店铺名称：素订工厂,2,499.0,2019素订工厂 新款舒适复古时尚格子休闲套装,228647,46,5,360,套装,001,0.1429,1364.0,7.0
79990,FiXaw-V7FzfYNWgxOj4TcGQplPoI,0af07f5a87274cf4a8bb11c314994703,gh212565199e78,琼瑶-8612-黑色+琼瑶-8803-米白,889.0,10242,店铺名称：素订工厂,2,399.0,2019素订工厂 新款时尚清新简约纯色休闲套装 q249,228215,221,12,360,套装,001,0.2887,12998.0,143.0
-1,FghLVZu7GNWPxDjuYObZRoVNZl07,6c70b441fd91407292abc0f87fb60084,gh212565199e78,荼森-1819-浅粉+荼森-235-浅蓝,999.0,10242,店铺名称：素订工厂,2,499.0,2019素订工厂 新款舒适民族风复古清新休闲套装,228889,42,2,360,套装,001,0.3333,1997.0,6.0
981,FiRioJrXJ7HUuMh2Aab0-4PFIcaB,cd070e129ecf48c1b76829943c18548a,gh212565199e78,雷雷S9638,889.0,10226,店铺名称：素订原创平台,2,469.0,【售罄】素订原创 秋季新款个性侧边纽扣开叉后长摆宽松长袖连衣裙,219478,43,2,360,套装,001,0.5,678.0,8.0
-1,llfGATnFWKkoUd4BXhXmD97hVLHZ,9a2cd04a07c4403b815e053cbf6d2333,gh212565199e78,沐洱元素-1008-黄色+燕子-806-黑色,999.0,10242,店铺名称：素订工厂,2,469.0,【售罄】2019素订工厂 夏季新款民族风上衣时尚套装,213030,42,0,360,套装,001,0.5,1420.0,4.0
-1,ll9YznUJqOy0__BZCIYQ-CjbJxh_,0d898a95aff04a7e9c7bcc220ba774eb,gh212565199e78,沐洱元素-9063-桔红+苎麻碎花翻边裤-1016-米白,887.0,10242,店铺名称：素订工厂,2,429.0,【售罄】2019素订工厂 夏季新款时尚印花上衣套装,204201,46,1,360,套装,001,0.5,1113.0,5.0
-100,Fr8u4GOwin3fX4JaRedNlaNIq2R0,47c5077a969242afa3e4cfc5bfa17edc,gh212565199e78,慕衣时光638，慕衣时光809,899.0,10226,店铺名称：素订原创平台,2,499.0,【售罄】素订原创 新款夏日套装荷叶领纽扣下摆松紧后长摆超宽松套装,204707,45,3,360,套装,001,0.5,1327.0,10.0
-1,FsibE46zF38KKFOxHeB-1dYZH-65,46da5ffcd6504d76955fdd6addac413f,gh212565199e78,优乐美022、9013,1289.0,10226,店铺名称：素订原创平台,2,689.0,【售罄】2019素订原创新款套装系带彩色图案圆领白色阔腿裤套装,184662,38,2,360,套装,001,1.0,835.0,2.0
9500,Fpj-abJyr387f-qBQYe-iTxscktR,e4608def74f249ab9a353fb995843201,gh212565199e78,里D4-3362蓝色,1129.0,10225,店铺名称：素订平台,2,469.0,素订2019新款薄款苎麻纯色裤子女宽松文艺舒适阔腿裤n606,198256,454,35,361,裤子,001,0.3725,18131.0,347.0
500,FtGzIwy8VinCLgZ2nC791w-VOspj,640dde55f23742da9332e397a4a86c89,gh212565199e78,图图外贸19042,779.0,10226,店铺名称：素订原创平台,2,369.0,素订原创 新款抽身系带时尚个性休闲褶皱阔腿裤,193589,39,0,361,裤子,001,0.4,593.0,5.0
500,FtZKXDyLB8D9kXuC3oo6CziUaZnn,daafc8aea06840e5a8fd38e47f8cbdee,gh212565199e78,十样花-6602-8号色-白色,768.0,10242,店铺名称：素订工厂,2,369.0,2019素订工厂 夏季新款时尚显瘦收脚裤,193565,46,2,361,裤子,001,0.4286,808.0,7.0
51500,FnBvOXzqm9NGpnnC6GwLjk0I7Pv-,98ef917a1653447cbb5c1c433110e0cc,gh212565199e78,木木家-2005-白色,889.0,10242,店铺名称：素订工厂,2,379.0,2019素订工厂 夏季宽松舒适松紧腰阔腿裤,194980,59,1,361,裤子,001,0.3333,969.0,6.0
51500,FsMHwBiiEQCC8eI_-_Y8kMa9lZ5-,0f134178350740debe814d69c5532234,gh212565199e78,新中国1122-9122兰色,989.0,10225,店铺名称：素订平台,2,379.0,素订2019夏新款棉麻阔腿裤女九分韩版文艺风显瘦直筒宽松棉麻休闲裤子,193609,62,3,361,裤子,001,0.2,2425.0,20.0
500,FjhWNQXVKjIDIXx64EUbzB9stPFK,f5b60742c08e4baeb16f62190a315e11,gh212565199e78,里D4-3362黄色,1129.0,10225,店铺名称：素订平台,2,469.0,素订2019新款薄款苎麻纯色裤子女宽松文艺舒适阔腿裤,198554,108,11,361,裤子,001,0.3333,4817.0,66.0
9500,FsTe88rDGjmqOM55pPo2i5E7uq1D,d75bd0df639f4d21a4739834e44da006,gh212565199e78,光扬388-626兰色,726.0,10225,店铺名称：素订平台,2,379.0,素订2019夏季新款韩版宽松棉麻格子休闲裤薄款潮,198808,40,0,361,裤子,001,0.0,542.0,6.0
71500,Fvv7_49TN4jeOOPOd7DiBiaFJCk0,a2d9c862af2d475392f9f15ca26eaa99,gh212565199e78,里A15-18黄色,999.0,10225,店铺名称：素订平台,2,379.0,素订2019夏新款棉麻小脚裤宽松薄款七分休闲裤高腰哈伦裤萝卜裤,198259,88,13,361,裤子,001,0.1316,5335.0,38.0
-1,lgLzmijXea3r5isidhDIxM46_-Y6,9bbf925e77784e0689c3fff112498ceb,gh212565199e78,燕子-820-阔边裤-棕色,889.0,10242,店铺名称：素订工厂,2,379.0,2019素订工厂 夏季新款舒适松紧腰哈伦裤,198986,36,1,361,裤子,001,0.3333,474.0,3.0
-1,lvCakC77IXqrDJGwyqfVNzCIIskE,530495fda72d40b6848fdce91492eab3,gh212565199e78,光扬388-632红色,989.0,10225,店铺名称：素订平台,2,379.0,素订2019夏季宽松棉麻休闲裤灯笼裤文艺复古风哈伦裤七分裤女薄款,199915,42,4,361,裤子,001,0.0,881.0,5.0
-1,Fr4ZI7wsQv7GXm884dR-3c3ZkUBJ,efa3f6e2b4b74ad9baf3b0715c3ce602,gh212565199e78,燕子-820-阔边裤-黑色,889.0,10242,店铺名称：素订工厂,2,379.0,2019素订工厂 夏季新款舒适松紧腰哈伦裤,199970,42,1,361,裤子,001,0.1111,795.0,9.0
50500,FjQI0X_12DrnbFwJO2CJdiOzqQtn,8a8779e0302d4941a62b3ecd366142b2,gh212565199e78,北-971221白色,989.0,10225,店铺名称：素订平台,2,379.0,素订2019新款棉麻条纹裤宽松休闲舒适通勤长裤,199343,133,9,361,裤子,001,0.274,4460.0,73.0
-100,Fv5p_1_1PCfr1vxcmavqoQqPGNpA,5306ba9f35a040a09d7ddaf0e45178b9,gh212565199e78,里A15-18深卡其色,999.0,10225,店铺名称：素订平台,2,379.0,素订2019夏新款棉麻小脚裤宽松薄款七分休闲裤高腰哈伦裤萝卜裤,198254,132,18,361,裤子,001,0.2763,5732.0,76.0
-100,FkLHnSVfXdKx6F-jSD53fFAFdNeh,1f0bbdef04d6449e80745f549387195a,gh212565199e78,北-971221黑色,769.0,10225,店铺名称：素订平台,2,379.0,素订2019新款棉麻条纹裤宽松休闲舒适通勤长裤,198806,59,1,361,裤子,001,0.2667,1522.0,15.0
-100,lsF-NeutrkYI0tpLovqHhmpwU2M8,b6422c6f4bbe4dda8bb34a2d29f19475,gh212565199e78,燕子-8280-大阔裤-卡其,889.0,10242,店铺名称：素订工厂,2,379.0,2019素订工厂 夏季新款舒适松紧腰阔腿裤,198984,54,2,361,裤子,001,0.3,1335.0,10.0
-100,Fjyy9XlBAa5pysz9EpeqA25fszbb,c06e9dd00b6d47acbf16a6e4d06c037c,gh212565199e78,燕子-8280-大阔裤-黑色,889.0,10242,店铺名称：素订工厂,2,379.0,2019素订工厂 夏季新款舒适松紧腰阔腿裤,198985,56,7,361,裤子,001,0.3158,1761.0,19.0
80500,luQi5gorIGbEy9sGr8PebH8Xt4ga,2b3f7aa0def14fc3a5ec3d9d0f2a81d3,gh212565199e78,布语澜衫-1815-黑色,789.0,10242,店铺名称：素订工厂,2,369.0,2019素订工厂 夏季新款舒适休闲裤 o672,197119,121,12,361,裤子,001,0.0923,5922.0,65.0
-100,lo-46iYUgZT2pXmI8VoZmf2hrR-j,81b4d6598bf4426190905b3be2049207,gh212565199e78,捻春-44-6-1929-刺绣阔腿裤-灰色,959.0,10242,店铺名称：素订工厂,2,369.0,【售罄】2019素订工厂 叶子刺绣宽松舒适阔腿裤,188443,81,7,361,裤子,001,0.1154,2996.0,26.0
500,lvAJDWN1oltw7s45ELNh0X_GbO8B,138ce97db9c54dbf9cb0e6cfe336e91d,gh212565199e78,光扬388-628红格,989.0,10225,店铺名称：素订平台,2,399.0,素订2019夏装新款棉麻格子裤女韩版宽松百搭薄款,199909,50,2,361,裤子,001,0.1429,1940.0,7.0
0,FiLX7wq3ZAHMrtWb8WfIE2NhmK25,1a517eebeb7141c3a5cd6b17c3f95ab2,gh212565199e78,滴滴外贸19078,889.0,10226,店铺名称：素订原创平台,2,369.0,【售罄】素订原创 夏季小清新红色格子棉麻舒适口袋吊带裤,199312,61,1,361,裤子,001,0.2857,1852.0,21.0
1130,Fl9vuYr9KlXaAQa2048uGy7KWtyF,FuIH3Mn1H4A2QskS-tGTZMNPbTtk,gh1b14f7568197,T1190,599.0,10137,丽人尚品平台,2,115.0,秋冬款婚礼妈妈装连衣裙婚宴礼服加绒加厚,130920,192,21,459,大码合集,001,0.1979,16013.0,96.0
1129,Fuoq7_JTj8nEyGmAZ0UQeGJg-eSa,FgmsP1DUhchTGRRkO3ie2m7ehYGd,gh1b14f7568197,1015,359.0,10116,卓琼平台,2,99.0,冬季新款女装加绒加厚装秋冬装大码中长款长袖全身加绒打底衫【毛领可拆卸】【DM】,131280,89,11,459,大码合集,001,0.1803,12846.0,61.0
30,Fok9cPoNeoCRZc_JAp5bfolWZufe,FnqSmTRl94FNSUs11wYIIq53FyCj,gh1b14f7568197,OS0993,556.0,10096,橄榄树平台,2,179.0,丝绒秋冬长袖裙连衣裙女2018新款宽松中长款拼接竖条纹气质,131433,32,10,459,大码合集,001,0.0,7152.0,8.0
24,FvEmj303fuY0qxBHtL5yJsTFcNe6,FjZIcwzPdtXKJIeMZCwLjVuZ0PyG,gh1b14f7568197,T1208,599.0,10137,丽人尚品平台,2,155.0,长袖女打底衫女装冬装连衣裙中老年加绒中长款大码妈妈装【DM】,132048,55,12,459,大码合集,001,0.1154,7869.0,26.0
11,Fl9JX9shVAntduniZQwt9zJiZlwB,FkzjyjauI_h8AG9mUUSgDeqUFT36,gh1b14f7568197,Q5097,565.0,10137,丽人尚品平台,2,129.0,格子半身裙女秋冬新款高腰a字裙中长款毛呢包臀裙开叉【DM】d125,133325,147,19,459,大码合集,001,0.2258,13650.0,62.0
17,Fhtsf_EXRzLc_Wb0lyCM-7CILS4g,Ft3XNFmbM09ntFXYPzeQYXXG3P4f,gh1b14f7568197,MY356,688.0,10188,满一平台,2,265.0,大码女装冬季新款纯色宽松时尚中长款棉服【DM】,133899,81,8,459,大码合集,001,0.0625,9194.0,16.0
1213,Fnr-uUt8Z-5x3_7MPL5r6OHxtYBR,FusJemnIG3qzqKBlDiQJl5xg2HHl,gh1b14f7568197,LGSH059,599.0,10176,灵感生活平台,2,99.0,2018秋冬新款中老年妈妈装高领烫钻宽松女装冬季打底衫加绒上衣【DM】,133863,121,11,459,大码合集,001,0.0385,7077.0,51.0
14,FvYNekXGx_wmXvjymuhRQLIdKshX,FrNdt4izmfmuE3gqfOZdFJ44UOq3,gh1b14f7568197,OS112,516.0,10096,橄榄树平台,2,179.0,2019春秋冬新款连衣裙女中长款过膝大码收腰气质阔太太裙子【DB】h886,134650,44,12,459,大码合集,001,0.0667,14072.0,15.0
16,Fu5DBHoezT9zsnU8VGsiYqXAK8ax,d8120462637d427783ddf6fe151e2bb4,gh1b14f7568197,LFC106,475.0,10011,红石榴平台,2,165.0,遮肚子连衣裙女春季2019新款网纱减龄藏肉宽松显瘦波点洋气中长款【DM】【DB】,134896,84,19,459,大码合集,001,0.1714,9055.0,35.0
20,Fm03B4C9KDZk2L-vLKGLxiVsrSRD,FuJII0MUDnU8nNYDm5wrrLYbVWpL,gh1b14f7568197,19391,319.0,10097,魔仙堡平台,2,99.0,金丝绒内搭打底衫女春装2019新款性感蕾丝拼接显瘦长袖t恤上衣,135869,51,6,459,大码合集,001,0.1111,2048.0,9.0
925,FqjHEgO1Q0-mwZ55EwCPg0519VCa,FiekkQPPcopCU72H7zjCUNlZxK3A,gh1b14f7568197,YMX01386,557.0,10016,幽幽平台,2,99.0,宽松上衣个性涂鸦大码韩版休闲印花拼接套头卫衣女2018秋新款,107086,22,7,485,上衣衬衫,101,0.0833,1723.0,12.0
26,Ft6iX0TpTAV2eXrTpc-042voLyIe,Fn6Txn2WtIYs1XNwGR7sICLQfTPk,gh1b14f7568197,YMX01370,658.0,10016,幽幽平台,2,115.0,简约显瘦大码韩版蕾丝拼接长袖T恤女宽松遮肚休闲上衣2018秋装新,107085,62,20,485,上衣衬衫,101,0.0476,5395.0,21.0
925,FhbZo-A4PaPqPJA_CS6rSvf5JBCu,FlxHvB3EbyykAInkduG9PsAock93,gh1b14f7568197,TX9029,699.0,10052,漂亮公主平台,2,126.0,2018秋季新款大码女装胖mm显瘦针织衫胖妹妹藏肉遮肚子加厚打底,107005,4,3,485,上衣衬衫,101,0.0,676.0,3.0
26,FpcTlrW-YY6dqu_adcs761bj2HTO,Ft0bMzJUIAQ4xvRORSTuUukAUBnj,gh1b14f7568197,1916,399.0,10119,美丽周末平台,2,99.0,长袖t恤2018秋季新款时尚韩版遮肉宽松大码衣服卫衣,107184,5,2,485,上衣衬衫,101,0.0,682.0,3.0
26,FoHjF18ZWQzrcuDuk4VX8hZxfdfE,FvJ3M6uqSexFI5G17h12P0VWzdB2,gh1b14f7568197,1918,399.0,10119,美丽周末平台,2,99.0,加绒2018秋季新款韩版时尚百搭遮肉中长款套头连帽宽松卫衣,107185,6,4,485,上衣衬衫,101,0.0,702.0,5.0
-1,Fo7a5Hx2ZtgXSee3tKuo7jWiGuOi,Fm2edO_oLXcZHZnm0pg1Iv_0Y31S,gh1b14f7568197,868,569.0,10100,羊绒世家平台,2,99.0,2018新款女士秋季针织打底衫低领毛衣女套头中长款圆领长袖薄款,107355,5,0,485,上衣衬衫,101,0.0,721.0,4.0
27,Fv9aHnTf9fgajY3Rh9DYuT_p7Ahu,FiOiqE6TCkF3Q3ucA0wcs3cbfN_R,gh1b14f7568197,LFA810,578.0,10011,红石榴平台,2,139.0,加绒加厚新款韩版立领雪纺衫纯色百搭修身上衣女,107432,29,10,485,上衣衬衫,101,0.1333,4926.0,15.0
-1,FobwDowbUY6EqafdeL_Uk7YMBu2N,FkBF1W82KwGGysm4RsSxETaGg5tY,gh1b14f7568197,GGL3323,599.0,10106,张双华平台,2,99.0,衬衫女长袖2018秋装新款灯笼袖刺绣v领上衣,107591,29,13,485,上衣衬衫,101,0.1053,3241.0,19.0
28,FoJGWyNfnGXJRB0HIeTTpnlDltLy,FqaP1UXl-xYx8NZ6MJjiyCEheuON,gh1b14f7568197,ABX2450,685.0,10114,艾贝茜平台,2,158.0,松松垮垮卫衣女秋连帽中长款卫衣2018新款女长袖韩版宽松上衣,108248,8,14,485,上衣衬衫,101,0.0,1324.0,6.0
28,FoOGXs76JPVXZpaDfTBw_g_tAxPu,FtPcQ4t6Eg7Bzx9DYwVKrVKAV8Sb,gh1b14f7568197,SG9735,349.0,10096,橄榄树平台,2,99.0,毛衣宽松圆领针织衫女套头长袖打底衫2018新款女装,108324,3,0,485,上衣衬衫,101,0.0,555.0,2.0
-1,Fqh8Idq2ltkmNExMrdKzVgEyb57S,Fu1AsJ_rLYRJgE9l1d55tZtTuLbH,gh1b14f7568197,AGJ2928,399.0,10004,韩东进平台,2,99.0,加绒加厚毛衣女秋冬韩版中长款宽松圆领针织衫长袖套头修身打底衫,109154,1,6,485,上衣衬衫,101,,364.0,0.0
-1,Flatr5W-sKfJ3FJgI1fYWuKQTb1C,Fs4QOhTA0f8G7a5VvtpmYK3dLv-U,gh1b14f7568197,AGJ2930,399.0,10004,韩东进平台,2,99.0,秋冬新款加厚中长款毛衣套头针织打底衫线衣,109156,2,3,485,上衣衬衫,101,0.0,374.0,1.0
930,Fh6C8GkUuQBV32zHfMiGidYEJmtb,FlPZ4X1huRX29wOK55fol_dzBprD,gh1b14f7568197,GGL3331,399.0,10106,张双华平台,2,99.0,加绒毛衣女秋冬韩版中长款宽松圆领针织衫长袖套头修身打底衫字母,109158,5,5,485,上衣衬衫,101,0.0,970.0,5.0
-1,FtOz3hJXwqDFooJaXBl2V3RPnGYE,FnJ8WY79N7O6WvTV3dvOks5lEzyd,gh1b14f7568197,AGJ2929,399.0,10004,韩东进平台,2,99.0,2018秋冬毛衣女秋冬韩版中长款宽松圆领针织衫长袖套头修身打底衫,109155,0,5,485,上衣衬衫,101,,315.0,0.0
930,FsFX6UMdRGtF3EesSAnM--DkQF2h,FtOWpOhVmO2H0TE9C4kADVCbyNah,gh1b14f7568197,TX9182,599.0,10052,漂亮公主平台,2,99.0,修身打底衫秋冬新款韩版一字领套头长袖针织衫内搭加厚毛衣女免熨,109171,9,6,485,上衣衬衫,101,0.125,1344.0,8.0
-1,Fpcb00Dk6t8efgWJVH3DK6jMJJLF,Fl9Hp8izWjdqsT495QfZ77CgOl0u,gh1b14f7568197,TX9185,599.0,10052,漂亮公主平台,2,99.0,毛衣女秋冬韩版新款弹力纯色修身长袖套头花边领毛针织衫打底衫女,109172,0,2,485,上衣衬衫,101,,260.0,0.0
30,Fs-lXQ5j3p5M3AsH9lAtBMGtsgEy,FudER6-FYBtgXioHlad2zcFOiu8U,gh1b14f7568197,YF2537+8912,528.0,10148,新款集中营平台,2,135.0,卫衣/绒衫纯色圆领单件2018年冬季长袖套头加厚修身,109310,6,5,485,上衣衬衫,101,0.0,2011.0,4.0
30,FgYn2dEh_DHXv6QFC_lYuJ5fCHel,FjaXdr-eerbUUHhDVlCcF4luCcTK,gh1b14f7568197,YMX01420,562.0,10016,幽幽平台,2,128.0,大码韩版套头卫衣胖MM女装2018秋季新款,109380,15,6,485,上衣衬衫,101,0.1,3413.0,10.0
-1,FoQce7BMoLN5wYf4qtK4BWsLKx0W,FuIhLmVZMd_6LoLtO5BTDEYgSueQ,gh1b14f7568197,8880,390.0,10077,依佳平台,2,125.0,加绒加厚打底衫2018秋冬新款韩版修身高领网纱打底衫,109713,5,3,485,上衣衬衫,101,0.0,801.0,2.0
10,FmpgaVIvKvca5nyTsWKrASmAFaKE,FrCVif0AC3FqOnGgcIx45Lpd_5Vk,gh1b14f7568197,ABNX181643,599.0,10052,漂亮公主平台,2,99.0,收口袖潮流拼接气质休闲时尚纯色拼色2018年秋季圆领,109760,6,6,485,上衣衬衫,101,0.0,1050.0,6.0
702,FjtX0HyD1IjAJzv9VFZOeydlrO0A,FmurDK7G7tRNuV4Vvs3LWJE5sjcy,gh1b14f7568197,YYDX513,1190.0,10014,轩辕清风平台,2,99.0,新款2018夏季新款韩版花边V领修身显瘦蕾丝短袖连衣裙,77764,413,127,486,优雅美裙,101,0.1467,47112.0,259.0
706,Fttf9dTrJS5SpI0cPJynj-K9fUbF,FmmRNgopB7k8Eak3zU-HO_1tPNz7,gh1b14f7568197,7788,369.0,10100,羊绒世家平台,2,99.0,夏季女装修身背心连衣裙子无袖冰丝打底针织衫吊带中长款T恤内搭,78827,10,4,486,优雅美裙,101,0.0,1400.0,9.0
706,FhnEQaeDRO8KFY6fNTrC_YNpgmU2,FlvwBUckPKVqPrpagIaCpUWdAoPT,gh1b14f7568197,8899,469.0,10100,羊绒世家平台,2,99.0,中长款百搭冰丝背心裙2018夏季新款女韩版大码显瘦印花吊带打底衫,78826,56,25,486,优雅美裙,101,0.1489,5113.0,47.0
4706,FrSq17cSssWE1JOFQUgFA6nakujd,Fr8yafMnVuBRRkc5KeqEtWGGE1kH,gh1b14f7568197,1928,629.0,10116,卓琼平台,2,135.0,2018新款大码休闲女装两件套格子时尚气质修身A字连衣裙,78828,450,105,486,优雅美裙,101,0.1224,63282.0,245.0
17,FqBgD3RauWyB8yEhsU6LErT8Y9Bk,Fm4ikKghBKzRnb69mt7qLS59fEUL,gh1b14f7568197,lanlanjia1011,470.0,10124,兰兰平台,2,126.0,2018新款大码v领修身包臀一步打底金丝绒连衣裙,79055,683,125,486,优雅美裙,101,0.2268,79074.0,440.0
17,FiDIli5W3cmpWZy2eMWXxjMAoUt3,FiLQYrRyifHp8Ndi_OEAvuXSNGEH,gh1b14f7568197,LZ3068,583.0,10011,红石榴平台,2,155.0,夏季新款民族风复古盘扣老花布拼接大码连衣裙,79332,278,86,486,优雅美裙,101,0.2025,35924.0,158.0
713,FjPHBEKg0el4aJM3dBA-h9onss3r,031e2f4ac9dc4060acd27013fd217c75,gh1b14f7568197,LZ3085,465.0,10011,红石榴平台,2,126.0,2018夏季新品大码无袖圆领连衣裙中长款文艺风大码女装裙j846,80458,147,67,486,优雅美裙,101,0.0602,33203.0,83.0
717,Fh6DgQ3FfFo7HSoERUa2QN7Ks0sZ,Fko5xTn0dZ_972584CEePekgBitq,gh1b14f7568197,LZ3086,785.0,10011,红石榴平台,2,169.0,假两件文艺复古民族风女装大码连衣长裙,80459,88,50,486,优雅美裙,101,0.1607,17330.0,56.0
713,FvDlJSVbwfuTiceNntFePEQ7gNXd,Frbo1-YgSStLQGfEEyS8xICA4JhW,gh1b14f7568197,DO673,695.0,10011,红石榴平台,2,185.0,2018新款改良旗袍修身中长款雪纺印花连衣裙短袖,80460,297,89,486,优雅美裙,101,0.2249,55777.0,169.0
13,FjSI7y2nn2lVlUD0TjNomlfIHRXq,FpaaLePhtA_SYkt2mrYCxnPSUDRY,gh1b14f7568197,330-172850,399.0,10021,猫罗平台,2,99.0,LHQ2018夏季新款女装印花宽松裙子,80627,122,19,486,优雅美裙,101,0.169,13516.0,71.0
714,Fiz3kO9VJNXfklXj0YzKGlpaPmse,fd32f6e2b53f46668d6a2898e75a79af,gh1b14f7568197,DO678,690.0,10011,红石榴平台,2,175.0,2018新款改良旗袍修身纯色中长款连衣裙无袖女,80773,63,29,486,优雅美裙,101,0.1111,10197.0,27.0
3714,FoNZkxi27aVjQ_TZTLQmmsse7eln,FmWaag4ph_kJUIf8TNjtlvMAQPCP,gh1b14f7568197,FA003-82338,399.0,10021,猫罗平台,2,99.0,2018夏新款韩版大码宽松绣花连衣裙n003,80966,422,112,486,优雅美裙,101,0.1487,49804.0,269.0
17,FljokqNAW7SB61ONCEUfHGTdAMvo,Fmdr1hNalfgxmXqtw9VmJKkMdThA,gh1b14f7568197,LZ3094,568.0,10011,红石榴平台,2,129.0,横竖条 清爽长款文艺连衣裙-黑白条,81517,37,17,486,优雅美裙,101,0.1333,6800.0,30.0
719,Fl5lgV2Xa5v2gsU79ABxZZ49dKYJ,Fj5TJlGwgQVgn2JwE9UuPDsuhawW,gh1b14f7568197,330-E190355,526.0,10021,猫罗平台,2,126.0,2018女大码宽松复古连衣裙修身宽松圆领短袖长款一步裙,82274,45,21,486,优雅美裙,101,0.125,5025.0,32.0
-1,Fia4qzf1HFhzJ4VRoEPrONyzgKwg,FumIIslg_MAuVTwzMEMINYBS9ceA,gh1b14f7568197,G8110,399.0,10068,彩装平台,2,99.0,连衣裙2018新款夏装韩版显瘦宽松大码女装短袖碎花气质长裙子,82360,5,5,486,优雅美裙,101,0.0,1682.0,4.0
20,FnSBqQ8FdvAaKJs_haeTclanMZRo,Ft8F2Jn6ufAD4aaR7iYeZ6gcwrOa,gh1b14f7568197,1956,645.0,10116,卓琼平台,2,156.0,2018假两件套仿真丝连衣裙印花雪纺裙新款夏中年不规则圆领收腰女裙,82601,83,21,486,优雅美裙,101,0.1111,13625.0,45.0
21,FrIBV4vZ7ZOIDS7PRnJVN6cwrgbH,FtlpUKhlsfDh65d4ezk9IVXFLp7U,gh1b14f7568197,YYDX540,380.0,10014,轩辕清风平台,2,99.0,2018新款夏季雪纺吊带碎花连衣裙波西米亚长裙沙滩裙,82848,74,30,486,优雅美裙,101,0.1228,9233.0,57.0
23,Fh1jqWdQD1RTAG5URgcdksRwQVlz,FuSDtNxVCNUXVY4Ye29UwKSE9bhg,gh1b14f7568197,1960,629.0,10116,卓琼平台,2,129.0,夏季新款仿真丝连衣裙女中长款印花A字裙韩版显瘦大码女装,83158,96,22,486,优雅美裙,101,0.1525,15107.0,59.0
725,Fk6xYM4NM818LBe7AUfsQBJpvN64,FlImjMiINrIemZPgoMp6njapocZB,gh1b14f7568197,G3178738,529.0,10044,欧丽莎丝平台,2,129.0,2018夏季新款 欧美女装 修身显瘦 纯色镂空刺绣七分袖连衣裙女,83771,97,40,486,优雅美裙,101,0.1607,9348.0,56.0
3426,FsakHSOznlgIhVGnE5AYORn5Y_se,FuCGOOw0SG9jEQmDelC_vhGhOewf,gh1b14f7568197,E2468857,399.0,10044,欧丽莎丝平台,2,99.0,HXX2018夏季新款民族风印花仿真丝连衣裙女装宽松大码裙子女,83994,817,122,486,优雅美裙,101,0.1654,89560.0,512.0
2226,FvdzPNNVSyBi5CAhkOXLaE5BfAH2,6d54e75e8a894ca9976618b76a5f9ed3,gh1b14f7568197,新金马2B038H-1818,449.0,10008,店铺名称：余坤清,2,175.0,【两件套装】2019春季新款大码修身显瘦绣花T恤拼接大摆裙两件套BMDF-6,144115,134,16,552,时尚套装,101,0.1525,14001.0,59.0
1222,FkmEMmm68jowKFoweOnB2gkfsoRY,9a040dbf011d4409a41756cbe448f598,gh1b14f7568197,241,429.0,10186,鑫源平台,2,149.0,运动套装女2019春秋新款跑步运动服少女运动装休闲女士卫衣两件套,142188,270,39,552,时尚套装,101,0.2156,13923.0,166.0
18,Foqf2_VDWGaKnZ4w8JkqZQzU_xm6,7d03ab7882f741c489b82d6b6d5f3582,gh1b14f7568197,女人街2楼C区C16-H-9822,539.0,10148,店铺名称：新款集中营平台,2,165.0,2019春季新款网红闺蜜装衬衣两件套套装,142641,78,71,552,时尚套装,101,0.1304,8734.0,23.0
3816,FvuzXDUlhNSLbXNYIYUC1SeXySRO,55a3c85c7def4d80b7be66440d993993,gh1b14f7568197,5030,998.0,10118,依衣平台,2,169.0,假两件套连衣裙女内搭裙2019新款女装韩版洋气收腰中长款g156,140126,258,111,552,时尚套装,101,0.1714,29791.0,145.0
22,FmO4GqKvQSnZ_9VllutIP3Hj182V,54cb22b8dfbf42c7aea97a038c8d28cd,gh1b14f7568197,T1310,599.0,10137,店铺名称：丽人尚品平台,2,125.0,春装修身妈妈装蕾丝绣花中年大码两件套雪纺连衣裙中长款【DB】【DM】,144238,48,9,552,时尚套装,101,0.1,2527.0,10.0
930,FshU8RKDITLZdyIH1q7eOr0MklAO,FlPBvUIyjvvNT2DNwUOOACPOMLS4,gh1b14f7568197,YMX01326,565.0,10016,幽幽平台,2,135.0,两件套（吊带+黑上衣）原创大码休闲中长款长袖刺绣T恤女秋上衣,109381,47,17,552,时尚套装,101,0.125,4783.0,32.0
717,FiPMlPSREaKKQf5tlDfTMgudB-Wr,FgSx31-9znEhzjeZxY46ycHEklla,gh1b14f7568197,SG9319,693.0,10096,橄榄树平台,2,175.0,休闲时尚气质潮流优雅印花2018年夏季套装,81522,35,17,552,时尚套装,101,0.0909,7435.0,22.0
2225,c7468f31cc58435fabd40bdd53d9ba37,9db13131bcf64eca8153b0f65a33ea31,gh1b14f7568197,ZF6B40+HMQY8832-2,639.0,10148,店铺名称：新款集中营平台,2,335.0,2019年春季简约舒适潮流气质套装/套裙个性修身优雅两件套,144714,30,14,552,时尚套装,101,0.0,4740.0,4.0
2224,FoZ10oMSGwz1htt5Vcamz7C0E3gq,370ae108ca5247d7b099c1dffc009a91,gh1b14f7568197,LT1901,958.0,10068,店铺名称：彩装平台,2,335.0,复古印花连体裤女春款女装洋气时尚显瘦收腰长袖雪纺两件套长裤,144554,63,13,552,时尚套装,101,0.0769,12817.0,14.0
2224,FjHtyXlso7mnxSxquP5n-5VeLze5,2065228564464ef990579fb45aa32d2c,gh1b14f7568197,648-5653,469.0,10186,店铺名称：鑫源平台,2,209.0,时尚运动套装金丝绒裤2019新款春季休闲套装卫衣两件套,144393,115,31,552,时尚套装,101,0.0667,4735.0,30.0
2225,0d84f58891064f30b2a943511c187a20,c13acc20e4544c5bbb30fbbedd779c0c,gh1b14f7568197,6128,526.0,10022,店铺名称：萌萌平台,2,199.0,2019春季新款休闲套装气质格子上衣阔腿裤大码两件套,144523,60,2,552,时尚套装,101,0.125,4368.0,8.0
2308,FlQMDSJl_qD_EdQkvTqVg_RJbG4F,9d3650b0ec6744abb093c87b6e67e05a,gh1b14f7568197,322/3392W,529.0,10180,店铺名称：旺旺平台,2,185.0,【两件套】2019新款女装春装套装韩版时尚气质女神范雪纺衫显瘦小脚裤两件套【DB】,145393,58,44,552,时尚套装,101,0.1304,5328.0,23.0
3025,FhPEU-cVm8IGRrMkfy6dfvG3X6dt,5dd86f461ff14110a995091c8a42577e,gh1b14f7568197,国大 3楼 352-A -5517,599.0,10168,精选新款平台,2,139.0,大码女胖MM 200斤2019新款雪纺上衣胖妹妹两件套显瘦洋气套装,93818,1984,327,552,时尚套装,101,0.1731,179856.0,1295.0
-1,FtAQQvkM1PFnMwuqsxbI0_UDpcaO,c505326577384745b1591d3f75e17cb5,gh1b14f7568197,HYF297,479.0,10010,店铺名称：佳欣平台,2,155.0,套装女秋季2019新款时尚韩版初秋装气质春秋阔腿裤两件套女装潮【DB】,145476,29,12,552,时尚套装,101,0.0,1669.0,1.0
113,FvBlAuLrm93BjeoDeBwC4h_-PcGw,Fq1QE_b7wuxB8Zf2Z8IAncOla8J1,gh1b14f7568197,J102 7165,886.0,10033,杰宝宝平台,2,179.0,不规则休闲时尚套装女秋2018新款T恤九分阔腿裙裤两件套,102290,5,4,552,时尚套装,101,0.0,2169.0,4.0
2300,FgQpfee8nvAN_Bfi4O8htqBiNTd7,aa889645e8fd4e30b272f4d3eccbe11b,gh1b14f7568197,2193,688.0,10038,春语平台,2,199.0,金丝绒套装复古2018新款时尚气质两件套洋气金丝绒阔腿裤套装【DB】h332,131158,1041,234,552,时尚套装,101,0.1214,139974.0,651.0
2311,Fv3trlvKtUqXqWvG4skm-ZT6569m,94fc9dea20a84c9b9f9f46a13f5b9ac8,gh1b14f7568197,BR-B2002-8689,689.0,10184,店铺名称：灵尚平台,2,235.0,2019新款民族风文艺绣花系带交领汉服上衣+松紧腰绣花半身裙套装【DB】,145160,30,8,552,时尚套装,101,0.0,2634.0,4.0
-1,FhAuiBa2E4l3vxJaRIt0-J6Chkyh,e2d2bef3c12c4ff1b1197f51a27a4c94,gh1b14f7568197,HYF299,589.0,10010,店铺名称：佳欣平台,2,185.0,御姐套装女神洋气2019春装新款大码女装胖mm红色上衣裤子两件套女【DB】【DM】,145878,29,3,552,时尚套装,101,0.0,1146.0,1.0
2228,FlqyFczLlrFFhdFHsSX3WNjaf8iT,7c164845a21344c691413cbd9018cb05,gh1b14f7568197,1422,529.0,10022,店铺名称：萌萌平台,2,165.0,套装2019新款气质针织上衣阔腿裤女神时尚洋气两件套装【DM】,145820,61,24,552,时尚套装,101,0.1875,5623.0,16.0
2303,cms/4486b5521e154341905bf05e998a89d3,c94f6c2bbf99435b94907fe215e87a92,gh1b14f7568197,dm8116,899.0,10202,店铺名称：大米平台,2,188.0,格子套装女装新款春秋时尚韩版显瘦气质两件套潮,145887,49,42,552,时尚套装,101,0.0556,7853.0,18.0
1429,405ec16aaab149efb141a80ef55075f4,bd0396990a964ff1a6f8a2093629f2af,gh1b14f7568197,木发-HD花仙子唯美&1563,415.0,10149,店铺名称：优雅新款女装平台,2,99.0,2019春夏季新款韩版时尚百搭鱼嘴头休闲高跟凉鞋,170674,65,22,557,裤鞋搭配,101,0.0476,4847.0,21.0
-1,FpVFxNjh98kBzmi4fRrbzm4B1H6y,bf71bffcc2574437a6f23b23c6ffe8f3,gh1b14f7568197,会客厅19039,425.0,10196,店铺名称：千里马平台,2,139.0,夏季新款韩版百搭网面厚底增高休闲女鞋透气运动鞋潮,170668,46,4,557,裤鞋搭配,101,0.0,1780.0,2.0
1601,f99a33f5d2c4485792c0425f113a3cd4,05316b3a5ee44bbe906d9b005e50eb8b,gh1b14f7568197,5523,259.0,10133,店铺名称：猫山王平台,2,39.0,2019夏季新款拖鞋女鞋松糕底花朵PU松糕跟中跟橡胶,170586,4729,208,557,裤鞋搭配,101,0.009,57822.0,3698.0
1430,280dbbf1cc2b48b5819b6b051badb870,803f9865097c4e20a9d756ae6ec2705a,gh1b14f7568197,323,239.0,10133,店铺名称：猫山王平台,2,49.0,2019夏季新款韩版蕾丝镂空透气女鞋包头平底露趾甜美简约拖鞋,170583,47,4,557,裤鞋搭配,101,0.0,806.0,12.0
-1,FsN6Z4TPOHx_aQHA-npPM3WSJKR9,2a507c327905419bbdb135a2996dac50,gh1b14f7568197,美斯妮&B-6,255.0,10156,店铺名称：优雅女神平台,2,49.0,2019夏季新款拖鞋女时尚粗跟一字凉拖鞋女鞋hh2,170531,38,0,557,裤鞋搭配,101,0.0,160.0,2.0
1271,FuNCGb7cAJc0f-n-dcv5b7Lc6tvb,574be949f23e4fa0b163b6bbf02fbf58,gh1b14f7568197,HGN-K1805,269.0,10117,店铺名称：珊珊平台,11,69.0,凉鞋女2019新款时尚松糕底洞洞鞋百搭休闲鞋鱼嘴学生鞋韩版女鞋子,170481,88,8,557,裤鞋搭配,101,0.04,1703.0,25.0
-1,FpXSKzL2LlRfFIKJVhGKL8cdCJeU,23be8c7e7ce94509aefc88f54957bc81,gh1b14f7568197,爱尚足8&136-1,269.0,10178,店铺名称：李奈斯平台,2,69.0,2019夏季凉鞋平底低跟一字扣珍珠凉鞋,170358,44,0,557,裤鞋搭配,101,0.0,206.0,1.0
1429,Fu9QS2XxTAtSI5w36YmjkSw9IZ3U,ff8a5a709fd74a2bbc56c3e04f21317f,gh1b14f7568197,恒祥&A12,249.0,10178,店铺名称：李奈斯平台,2,49.0,2019夏季新款拖鞋女韩版一字包头半凉拖镂空透气网纱学生女鞋,170357,49,2,557,裤鞋搭配,101,0.0,1198.0,13.0
-1,Fh4RgOj3WNO9Q6sTR5O9elmy9u1e,3677b19f9e3242a2bfd27e286b7568c9,gh1b14f7568197,Z靓足阁&838,249.0,10178,店铺名称：李奈斯平台,2,49.0,妈妈鞋浅口单鞋坡跟软底女士皮鞋休闲中老年平底,170355,46,0,557,裤鞋搭配,101,0.0,221.0,1.0
427,FjCGz7tZhNOJ_C1wti5mr-PWynla,8730d6e66b70405983993c908d17fe6f,gh1b14f7568197,蓉 星乐汇&A050,468.0,10215,店铺名称：优雅点女鞋,11,139.0,夏季新款镂空增高包头护脚松糕凉鞋防水台罗马坡跟凉鞋,170345,87,42,557,裤鞋搭配,101,0.0909,14123.0,33.0
9727,FmX8ifaJYA-9bMx8ileNSaZNi03j,dc4e3e6e935b48efa6da9e9e0f0d97b7,gh212565199e78,贝佳斯8306,889.0,10226,店铺名称：素订原创平台,2,429.0,素订原创 新式改良版旗袍优雅花鸟民国风修身旗袍,211084,76,4,595,国风旗袍,001,0.2381,5033.0,21.0
9727,FvuPAyZ0YR1Y7_G2cl39A06lBvYg,b50bf66cb52c46b295b2753b5571a13e,gh212565199e78,贝佳斯8305,889.0,10226,店铺名称：素订原创平台,2,429.0,素订原创 新式改良版旗袍花色气质民国风名媛风旗袍,211083,60,5,595,国风旗袍,001,0.4706,3327.0,17.0
-100,FoJZBP0pIzF1IPYcKW3991jN_osT,549f1250ca974cb1aa76262a5652d6dc,gh212565199e78,贝佳斯8302,889.0,10226,店铺名称：素订原创平台,2,429.0,素订原创 新式改良版旗袍优雅枝叶花色名媛风修身旗袍,211075,51,3,595,国风旗袍,001,0.3333,2530.0,15.0
972,FgsLhXPwJ9fn1tMDCQOv7t562J29,749b19e2b4e841d096104b3dd3950b15,gh212565199e78,太湖美人589,899.0,10226,店铺名称：素订原创平台,2,459.0,素订原创 新式改良版旗袍优雅竹叶时尚年轻款旗袍,211073,159,23,595,国风旗袍,001,0.4947,12777.0,94.0
7729,FsaLnmG--r8TkJXd0esI5HcZQCfp,9fdb17659922428787e888959dd4c530,gh212565199e78,贝佳斯8313,889.0,10226,店铺名称：素订原创平台,2,429.0,【售罄】素订原创 新式改良版旗袍纯色精致花色复古风旗袍,211577,39,1,595,国风旗袍,001,0.0,926.0,1.0
9730,FsVHnBt4cejS7tsHkxCq9DzFs2Nf,090427f5a059466381d289153a1a66bd,gh212565199e78,贝佳斯8294,899.0,10226,店铺名称：素订原创平台,2,399.0,素订原创 新式改良旗袍中国风时尚素雅修身复古旗袍,212037,117,10,595,国风旗袍,001,0.4462,8346.0,63.0
973,Fv9MRRKMZGo5lP90JriQ-cWf1_m2,9a429cdd26734facb34994e78cca5993,gh212565199e78,贝佳斯8296,899.0,10226,店铺名称：素订原创平台,2,399.0,素订原创 新式改良旗袍老上海修身淡雅小香风丝绸旗袍,212038,76,8,595,国风旗袍,001,0.4242,6100.0,31.0
-100,FhwG89FbDTR4yRuXbL-qDCYCgZdR,dba7ef31927d4501beb3519bd34b4612,gh212565199e78,贝佳斯2758,799.0,10226,店铺名称：素订原创平台,2,369.0,素订原创 新式改良旗袍时尚复古修身显瘦大花旗袍,212040,86,6,595,国风旗袍,001,0.4595,4404.0,37.0
9731,Ftb-Hc174fm2GV1LlR3qpINJ-bfo,12d79f6813234462ba35ed01be683782,gh212565199e78,贝佳斯8351,899.0,10226,店铺名称：素订原创平台,2,499.0,素订原创 新式改良版旗袍优雅气质年轻款修身旗袍,212413,47,1,595,国风旗袍,001,0.2,1512.0,5.0
9802,Fum-6BtqFd3wv5leLZWHDj3ymWnZ,950484dc06884896865416538ea221b6,gh212565199e78,贝佳斯8316,899.0,10226,店铺名称：素订原创平台,2,429.0,素订原创 新式改良版旗袍显瘦名媛风花色中国风旗袍,212925,43,2,595,国风旗袍,001,0.25,2086.0,4.0
